날짜,침구단품,침구세트
2019-01-01,45,18
2019-01-02,46,18
2019-01-03,44,16
2019-01-04,41,16
2019-01-05,44,18
2019-01-06,49,22
2019-01-07,49,18
2019-01-08,45,17
2019-01-09,42,16
2019-01-10,39,16
2019-01-11,35,14
2019-01-12,36,15
2019-01-13,46,17
2019-01-14,42,17
2019-01-15,41,16
2019-01-16,41,15
2019-01-17,39,14
2019-01-18,35,14
2019-01-19,38,15
2019-01-20,47,19
2019-01-21,44,18
2019-01-22,42,18
2019-01-23,43,16
2019-01-24,39,16
2019-01-25,35,14
2019-01-26,38,16
2019-01-27,46,18
2019-01-28,43,17
2019-01-29,38,15
2019-01-30,34,13
2019-01-31,31,12
2019-02-01,26,12
2019-02-02,29,13
2019-02-03,31,14
2019-02-04,27,13
2019-02-05,27,12
2019-02-06,43,18
2019-02-07,47,22
2019-02-08,45,19
2019-02-09,47,21
2019-02-10,57,26
2019-02-11,49,22
2019-02-12,48,21
2019-02-13,45,20
2019-02-14,43,20
2019-02-15,44,20
2019-02-16,45,21
2019-02-17,58,26
2019-02-18,55,24
2019-02-19,52,24
2019-02-20,47,21
2019-02-21,50,24
2019-02-22,43,19
2019-02-23,45,22
2019-02-24,57,26
2019-02-25,53,23
2019-02-26,48,21
2019-02-27,45,19
2019-02-28,41,16
2019-03-01,44,18
2019-03-02,50,20
2019-03-03,51,21
2019-03-04,47,17
2019-03-05,41,15
2019-03-06,40,15
2019-03-07,38,16
2019-03-08,35,14
2019-03-09,38,15
2019-03-10,51,21
2019-03-11,47,20
2019-03-12,41,16
2019-03-13,40,15
2019-03-14,38,15
2019-03-15,34,14
2019-03-16,40,16
2019-03-17,48,21
2019-03-18,51,19
2019-03-19,43,18
2019-03-20,40,16
2019-03-21,37,16
2019-03-22,36,15
2019-03-23,40,16
2019-03-24,44,18
2019-03-25,53,25
2019-03-26,43,18
2019-03-27,41,17
2019-03-28,39,16
2019-03-29,34,14
2019-03-30,39,16
2019-03-31,45,18
2019-04-01,43,18
2019-04-02,42,16
2019-04-03,37,15
2019-04-04,34,15
2019-04-05,32,14
2019-04-06,36,15
2019-04-07,40,17
2019-04-08,41,18
2019-04-09,40,17
2019-04-10,41,16
2019-04-11,36,14
2019-04-12,32,13
2019-04-13,35,16
2019-04-14,44,18
2019-04-15,40,16
2019-04-16,39,15
2019-04-17,36,14
2019-04-18,35,15
2019-04-19,32,14
2019-04-20,35,15
2019-04-21,42,19
2019-04-22,46,18
2019-04-23,41,18
2019-04-24,42,19
2019-04-25,40,18
2019-04-26,35,14
2019-04-27,35,15
2019-04-28,45,19
2019-04-29,43,18
2019-04-30,35,16
2019-05-01,41,17
2019-05-02,38,17
2019-05-03,31,14
2019-05-04,32,14
2019-05-05,36,16
2019-05-06,47,19
2019-05-07,43,18
2019-05-08,38,16
2019-05-09,40,16
2019-05-10,33,15
2019-05-11,38,16
2019-05-12,46,20
2019-05-13,49,21
2019-05-14,50,22
2019-05-15,49,22
2019-05-16,52,24
2019-05-17,51,22
2019-05-18,50,24
2019-05-19,59,26
2019-05-20,60,26
2019-05-21,54,25
2019-05-22,52,23
2019-05-23,48,20
2019-05-24,47,21
2019-05-25,52,23
2019-05-26,69,31
2019-05-27,65,30
2019-05-28,56,24
2019-05-29,52,22
2019-05-30,49,20
2019-05-31,43,17
2019-06-01,47,19
2019-06-02,56,22
2019-06-03,59,23
2019-06-04,54,23
2019-06-05,52,21
2019-06-06,63,25
2019-06-07,53,22
2019-06-08,59,23
2019-06-09,70,27
2019-06-10,60,24
2019-06-11,54,21
2019-06-12,56,22
2019-06-13,53,20
2019-06-14,47,19
2019-06-15,49,19
2019-06-16,60,23
2019-06-17,62,23
2019-06-18,56,21
2019-06-19,54,21
2019-06-20,53,22
2019-06-21,47,19
2019-06-22,51,21
2019-06-23,60,23
2019-06-24,63,24
2019-06-25,61,23
2019-06-26,58,24
2019-06-27,56,23
2019-06-28,51,21
2019-06-29,56,22
2019-06-30,67,25
2019-07-01,68,28
2019-07-02,66,29
2019-07-03,61,23
2019-07-04,58,23
2019-07-05,53,21
2019-07-06,53,22
2019-07-07,62,24
2019-07-08,63,24
2019-07-09,58,25
2019-07-10,55,22
2019-07-11,52,20
2019-07-12,45,18
2019-07-13,53,21
2019-07-14,65,24
2019-07-15,69,24
2019-07-16,58,22
2019-07-17,58,20
2019-07-18,56,19
2019-07-19,50,17
2019-07-20,57,22
2019-07-21,70,23
2019-07-22,69,24
2019-07-23,65,22
2019-07-24,63,20
2019-07-25,55,18
2019-07-26,53,18
2019-07-27,55,18
2019-07-28,64,20
2019-07-29,61,20
2019-07-30,59,20
2019-07-31,55,17
2019-08-01,57,17
2019-08-02,50,15
2019-08-03,53,16
2019-08-04,60,18
2019-08-05,57,16
2019-08-06,54,17
2019-08-07,52,15
2019-08-08,50,15
2019-08-09,46,13
2019-08-10,48,14
2019-08-11,56,17
2019-08-12,54,15
2019-08-13,50,14
2019-08-14,47,13
2019-08-15,52,14
2019-08-16,48,14
2019-08-17,52,14
2019-08-18,59,16
2019-08-19,57,17
2019-08-20,52,14
2019-08-21,52,15
2019-08-22,51,15
2019-08-23,47,14
2019-08-24,48,16
2019-08-25,62,19
2019-08-26,61,19
2019-08-27,58,18
2019-08-28,58,18
2019-08-29,59,18
2019-08-30,55,17
2019-08-31,58,19
2019-09-01,67,23
2019-09-02,67,23
2019-09-03,63,20
2019-09-04,60,20
2019-09-05,57,18
2019-09-06,47,16
2019-09-07,52,16
2019-09-08,58,20
2019-09-09,51,16
2019-09-10,44,14
2019-09-11,37,12
2019-09-12,38,14
2019-09-13,41,14
2019-09-14,62,21
2019-09-15,80,29
2019-09-16,79,26
2019-09-17,75,25
2019-09-18,75,26
2019-09-19,73,27
2019-09-20,68,26
2019-09-21,76,29
2019-09-22,100,38
2019-09-23,92,37
2019-09-24,89,33
2019-09-25,85,32
2019-09-26,72,28
2019-09-27,60,23
2019-09-28,61,23
2019-09-29,69,24
2019-09-30,69,23
2019-10-01,63,21
2019-10-02,63,22
2019-10-03,66,24
2019-10-04,58,22
2019-10-05,67,23
2019-10-06,85,29
2019-10-07,93,32
2019-10-08,78,29
2019-10-09,98,39
2019-10-10,89,35
2019-10-11,73,28
2019-10-12,75,27
2019-10-13,85,32
2019-10-14,83,29
2019-10-15,85,32
2019-10-16,81,29
2019-10-17,77,26
2019-10-18,68,24
2019-10-19,68,23
2019-10-20,82,26
2019-10-21,88,28
2019-10-22,74,25
2019-10-23,69,24
2019-10-24,61,21
2019-10-25,55,21
2019-10-26,64,22
2019-10-27,80,29
2019-10-28,87,30
2019-10-29,80,27
2019-10-30,75,27
2019-10-31,66,23
2019-11-01,60,21
2019-11-02,65,23
2019-11-03,76,26
2019-11-04,76,26
2019-11-05,75,23
2019-11-06,72,25
2019-11-07,74,26
2019-11-08,67,22
2019-11-09,70,23
2019-11-10,81,28
2019-11-11,83,29
2019-11-12,75,26
2019-11-13,89,27
2019-11-14,77,26
2019-11-15,68,22
2019-11-16,62,22
2019-11-17,84,25
2019-11-18,79,27
2019-11-19,82,27
2019-11-20,71,23
2019-11-21,66,23
2019-11-22,58,19
2019-11-23,57,19
2019-11-24,69,22
2019-11-25,69,22
2019-11-26,64,21
2019-11-27,66,21
2019-11-28,61,20
2019-11-29,53,17
2019-11-30,57,20
2019-12-01,73,25
2019-12-02,70,24
2019-12-03,69,24
2019-12-04,64,22
2019-12-05,71,22
2019-12-06,61,21
2019-12-07,63,21
2019-12-08,72,24
2019-12-09,69,24
2019-12-10,58,20
2019-12-11,60,19
2019-12-12,60,20
2019-12-13,52,18
2019-12-14,55,18
2019-12-15,63,21
2019-12-16,57,20
2019-12-17,52,18
2019-12-18,49,17
2019-12-19,47,17
2019-12-20,41,14
2019-12-21,43,14
2019-12-22,50,16
2019-12-23,46,16
2019-12-24,40,13
2019-12-25,49,16
2019-12-26,46,15
2019-12-27,40,13
2019-12-28,44,16
2019-12-29,51,18
2019-12-30,45,15
2019-12-31,39,13
2020-01-01,58,19
